filename,width,height,class,xmin,ymin,xmax,ymax
fig41_png.rf.537acafedae9244b3ca2364656f44110.jpg,640,640,Buildings,104,110,532,480
fig11_png.rf.39c069be7d81857ea456319f746bff1c.jpg,640,640,Buildings,79,115,559,558
fig43_png.rf.54cb06abaaa68a030ad5f42af76b9b22.jpg,640,640,Buildings,72,89,546,539
fig51_png.rf.1d7861e071916b2cfcf0baab8777906f.jpg,640,640,Buildings,132,154,513,501
fig26_png.rf.2eee716897537e6d42523c0b0a611123.jpg,640,640,Buildings,45,69,588,564
fig58_png.rf.64c9850b636cab64daccf177d2e25685.jpg,640,640,Buildings,66,167,577,525
fig48_png.rf.38d3a723663c32a998122049e860af37.jpg,640,640,Buildings,88,26,570,553
fig6_png.rf.5d9e6ee83d513ff1a2f8c1e6dce54c8b.jpg,640,640,Buildings,87,102,594,541
fig9_png.rf.362d889e26110259eca3f5968de54005.jpg,640,640,Buildings,96,97,492,568
fig59_png.rf.5488f829d3ce409b713b425ef3dedaa7.jpg,640,640,Buildings,142,58,498,544
fig30_png.rf.2833b2358d3cf4e695c2e63480de9378.jpg,640,640,Buildings,76,57,566,567
fig37_png.rf.050c6e1611d37605a794e7e73b78882e.jpg,640,640,Buildings,99,18,530,574
fig10_png.rf.1e2a8dde7fb251cbbe0ff4c86eac6cd7.jpg,640,640,Buildings,175,61,520,569
fig60_png.rf.693a26017027372fec0698c4a8a9c65f.jpg,640,640,Buildings,151,138,556,575
fig45_png.rf.419eae797392e7e6a67406b7980a4b23.jpg,640,640,Buildings,156,71,570,497
fig52_png.rf.58ea226bdfc453acfab203cb90f8764e.jpg,640,640,Buildings,108,159,575,478
fig49_png.rf.859889351a54b4533dd73d9d4eb67d58.jpg,640,640,Buildings,47,83,547,576
fig25_png.rf.835334ff154f98ec1d2f11618c5aeb28.jpg,640,640,Buildings,59,49,542,566
fig44_png.rf.a16ae07ff3dc074a8400f7b75348fac9.jpg,640,640,Buildings,92,46,520,553
fig8_png.rf.8ef6edc71c0eabc3435130b23aeda4e3.jpg,640,640,Buildings,94,93,546,497
fig42_png.rf.a579e456bbcc92b63d3abc19ba1e6caf.jpg,640,640,Buildings,71,66,577,550
fig40_png.rf.a4c475d6b1d0a3a2499c872ab620a428.jpg,640,640,Buildings,72,120,552,545
fig53_png.rf.a411172eb53e1d2047f52fb3a5a0f14d.jpg,640,640,Buildings,208,112,463,542
fig54_png.rf.8297ee8cb7e59ad31f3737c66f205f6b.jpg,640,640,Buildings,104,168,538,488
fig31_png.rf.9c2e8abf669661b8a8adbede504975f9.jpg,640,640,Buildings,38,98,607,568
fig16_png.rf.ab4b525f1a771cf48e1163fb0d8f4419.jpg,640,640,Buildings,100,75,538,586
fig22_png.rf.a7dac461cb15c66970762be7b4dee764.jpg,640,640,Buildings,60,53,562,578
fig28_png.rf.e218147d1390ee4f9a71bc8c16145f1d.jpg,640,640,Buildings,73,68,543,573
fig19_png.rf.a2f7c83cc48c83a4a144dcfee9d6377e.jpg,640,640,Buildings,71,84,554,546
fig21_png.rf.9d8631874a9c0e842a343c0a8c631604.jpg,640,640,Buildings,68,98,575,511
fig15_png.rf.c74b903b001679d595e285660348feee.jpg,640,640,Buildings,156,51,521,564
fig50_png.rf.c6d9971ac2448d4324901fb8f7198ad0.jpg,640,640,Buildings,121,55,533,601
fig35_png.rf.d9aa561c15df7a4dcfd3703812d4e351.jpg,640,640,Buildings,73,53,583,583
fig4_png.rf.e16d2e3e290bab57017e5fb5204bea73.jpg,640,640,Buildings,72,65,565,538
fig20_png.rf.e493613e4dc0cbb8e6b3999ad6e7b4ad.jpg,640,640,Buildings,66,50,571,571
fig32_png.rf.eb425488e374e683d0b3d5a5b62ccd1d.jpg,640,640,Buildings,74,56,575,570