<annotation>
	<folder>image	zone d'habitation par drone</folder>
	<filename>83935393-vue-aérienne-d-un-complexe-de-maisons-de-ville-dans-un-quartier-semi-circulaire-de-banlieue-de.jpg</filename>
	<path>C:\Users\hayke\Desktop\image	zone d'habitation par drone\83935393-vue-aérienne-d-un-complexe-de-maisons-de-ville-dans-un-quartier-semi-circulaire-de-banlieue-de.jpg</path>
	<source>
		<database>Unknown</database>
	</source>
	<size>
		<width>450</width>
		<height>300</height>
		<depth>3</depth>
	</size>
	<segmented>0</segmented>
	<object>
		<name>maison</name>
		<pose>Unspecified</pose>
		<truncated>0</truncated>
		<difficult>0</difficult>
		<bndbox>
			<xmin>3</xmin>
			<ymin>189</ymin>
			<xmax>53</xmax>
			<ymax>284</ymax>
		</bndbox>
	</object>
	<object>
		<name>maison</name>
		<pose>Unspecified</pose>
		<truncated>0</truncated>
		<difficult>0</difficult>
		<bndbox>
			<xmin>60</xmin>
			<ymin>192</ymin>
			<xmax>136</xmax>
			<ymax>290</ymax>
		</bndbox>
	</object>
	<object>
		<name>maison</name>
		<pose>Unspecified</pose>
		<truncated>0</truncated>
		<difficult>0</difficult>
		<bndbox>
			<xmin>156</xmin>
			<ymin>193</ymin>
			<xmax>247</xmax>
			<ymax>285</ymax>
		</bndbox>
	</object>
	<object>
		<name>maison</name>
		<pose>Unspecified</pose>
		<truncated>0</truncated>
		<difficult>0</difficult>
		<bndbox>
			<xmin>259</xmin>
			<ymin>198</ymin>
			<xmax>332</xmax>
			<ymax>291</ymax>
		</bndbox>
	</object>
	<object>
		<name>maison</name>
		<pose>Unspecified</pose>
		<truncated>0</truncated>
		<difficult>0</difficult>
		<bndbox>
			<xmin>339</xmin>
			<ymin>193</ymin>
			<xmax>446</xmax>
			<ymax>290</ymax>
		</bndbox>
	</object>
	<object>
		<name>maison</name>
		<pose>Unspecified</pose>
		<truncated>0</truncated>
		<difficult>0</difficult>
		<bndbox>
			<xmin>58</xmin>
			<ymin>115</ymin>
			<xmax>125</xmax>
			<ymax>164</ymax>
		</bndbox>
	</object>
	<object>
		<name>maison</name>
		<pose>Unspecified</pose>
		<truncated>0</truncated>
		<difficult>0</difficult>
		<bndbox>
			<xmin>131</xmin>
			<ymin>109</ymin>
			<xmax>174</xmax>
			<ymax>164</ymax>
		</bndbox>
	</object>
	<object>
		<name>maison</name>
		<pose>Unspecified</pose>
		<truncated>0</truncated>
		<difficult>0</difficult>
		<bndbox>
			<xmin>184</xmin>
			<ymin>113</ymin>
			<xmax>242</xmax>
			<ymax>161</ymax>
		</bndbox>
	</object>
	<object>
		<name>maison</name>
		<pose>Unspecified</pose>
		<truncated>0</truncated>
		<difficult>0</difficult>
		<bndbox>
			<xmin>247</xmin>
			<ymin>110</ymin>
			<xmax>297</xmax>
			<ymax>159</ymax>
		</bndbox>
	</object>
	<object>
		<name>maison</name>
		<pose>Unspecified</pose>
		<truncated>0</truncated>
		<difficult>0</difficult>
		<bndbox>
			<xmin>301</xmin>
			<ymin>113</ymin>
			<xmax>372</xmax>
			<ymax>166</ymax>
		</bndbox>
	</object>
	<object>
		<name>maison</name>
		<pose>Unspecified</pose>
		<truncated>0</truncated>
		<difficult>0</difficult>
		<bndbox>
			<xmin>106</xmin>
			<ymin>73</ymin>
			<xmax>147</xmax>
			<ymax>98</ymax>
		</bndbox>
	</object>
	<object>
		<name>maison</name>
		<pose>Unspecified</pose>
		<truncated>0</truncated>
		<difficult>0</difficult>
		<bndbox>
			<xmin>155</xmin>
			<ymin>74</ymin>
			<xmax>196</xmax>
			<ymax>99</ymax>
		</bndbox>
	</object>
	<object>
		<name>maison</name>
		<pose>Unspecified</pose>
		<truncated>0</truncated>
		<difficult>0</difficult>
		<bndbox>
			<xmin>202</xmin>
			<ymin>74</ymin>
			<xmax>244</xmax>
			<ymax>100</ymax>
		</bndbox>
	</object>
	<object>
		<name>maison</name>
		<pose>Unspecified</pose>
		<truncated>0</truncated>
		<difficult>0</difficult>
		<bndbox>
			<xmin>249</xmin>
			<ymin>70</ymin>
			<xmax>287</xmax>
			<ymax>101</ymax>
		</bndbox>
	</object>
	<object>
		<name>maison</name>
		<pose>Unspecified</pose>
		<truncated>0</truncated>
		<difficult>0</difficult>
		<bndbox>
			<xmin>294</xmin>
			<ymin>71</ymin>
			<xmax>345</xmax>
			<ymax>102</ymax>
		</bndbox>
	</object>
	<object>
		<name>maison</name>
		<pose>Unspecified</pose>
		<truncated>0</truncated>
		<difficult>0</difficult>
		<bndbox>
			<xmin>127</xmin>
			<ymin>45</ymin>
			<xmax>165</xmax>
			<ymax>66</ymax>
		</bndbox>
	</object>
	<object>
		<name>maison</name>
		<pose>Unspecified</pose>
		<truncated>0</truncated>
		<difficult>0</difficult>
		<bndbox>
			<xmin>174</xmin>
			<ymin>46</ymin>
			<xmax>204</xmax>
			<ymax>66</ymax>
		</bndbox>
	</object>
	<object>
		<name>maison</name>
		<pose>Unspecified</pose>
		<truncated>0</truncated>
		<difficult>0</difficult>
		<bndbox>
			<xmin>209</xmin>
			<ymin>45</ymin>
			<xmax>242</xmax>
			<ymax>70</ymax>
		</bndbox>
	</object>
	<object>
		<name>maison</name>
		<pose>Unspecified</pose>
		<truncated>0</truncated>
		<difficult>0</difficult>
		<bndbox>
			<xmin>247</xmin>
			<ymin>44</ymin>
			<xmax>277</xmax>
			<ymax>66</ymax>
		</bndbox>
	</object>
	<object>
		<name>maison</name>
		<pose>Unspecified</pose>
		<truncated>0</truncated>
		<difficult>0</difficult>
		<bndbox>
			<xmin>283</xmin>
			<ymin>46</ymin>
			<xmax>323</xmax>
			<ymax>68</ymax>
		</bndbox>
	</object>
</annotation>
