<annotation>
	<folder>image	zone d'habitation par drone</folder>
	<filename>99363868-vue-aérienne-des-rues-résidentielles-de-banlieue-et-des-maisons-près-de-los-angeles-californie.jpg</filename>
	<path>C:\Users\hayke\Desktop\image	zone d'habitation par drone\99363868-vue-aérienne-des-rues-résidentielles-de-banlieue-et-des-maisons-près-de-los-angeles-californie.jpg</path>
	<source>
		<database>Unknown</database>
	</source>
	<size>
		<width>1300</width>
		<height>866</height>
		<depth>3</depth>
	</size>
	<segmented>0</segmented>
	<object>
		<name>maison</name>
		<pose>Unspecified</pose>
		<truncated>0</truncated>
		<difficult>0</difficult>
		<bndbox>
			<xmin>112</xmin>
			<ymin>320</ymin>
			<xmax>395</xmax>
			<ymax>442</ymax>
		</bndbox>
	</object>
	<object>
		<name>maison</name>
		<pose>Unspecified</pose>
		<truncated>0</truncated>
		<difficult>0</difficult>
		<bndbox>
			<xmin>350</xmin>
			<ymin>229</ymin>
			<xmax>557</xmax>
			<ymax>355</ymax>
		</bndbox>
	</object>
	<object>
		<name>maison</name>
		<pose>Unspecified</pose>
		<truncated>0</truncated>
		<difficult>0</difficult>
		<bndbox>
			<xmin>242</xmin>
			<ymin>460</ymin>
			<xmax>480</xmax>
			<ymax>626</ymax>
		</bndbox>
	</object>
	<object>
		<name>maison</name>
		<pose>Unspecified</pose>
		<truncated>0</truncated>
		<difficult>0</difficult>
		<bndbox>
			<xmin>30</xmin>
			<ymin>483</ymin>
			<xmax>238</xmax>
			<ymax>676</ymax>
		</bndbox>
	</object>
	<object>
		<name>maison</name>
		<pose>Unspecified</pose>
		<truncated>0</truncated>
		<difficult>0</difficult>
		<bndbox>
			<xmin>467</xmin>
			<ymin>426</ymin>
			<xmax>738</xmax>
			<ymax>585</ymax>
		</bndbox>
	</object>
	<object>
		<name>maison</name>
		<pose>Unspecified</pose>
		<truncated>0</truncated>
		<difficult>0</difficult>
		<bndbox>
			<xmin>557</xmin>
			<ymin>192</ymin>
			<xmax>759</xmax>
			<ymax>356</ymax>
		</bndbox>
	</object>
	<object>
		<name>maison</name>
		<pose>Unspecified</pose>
		<truncated>0</truncated>
		<difficult>0</difficult>
		<bndbox>
			<xmin>755</xmin>
			<ymin>155</ymin>
			<xmax>988</xmax>
			<ymax>292</ymax>
		</bndbox>
	</object>
	<object>
		<name>maison</name>
		<pose>Unspecified</pose>
		<truncated>0</truncated>
		<difficult>0</difficult>
		<bndbox>
			<xmin>947</xmin>
			<ymin>82</ymin>
			<xmax>1203</xmax>
			<ymax>228</ymax>
		</bndbox>
	</object>
	<object>
		<name>maison</name>
		<pose>Unspecified</pose>
		<truncated>0</truncated>
		<difficult>0</difficult>
		<bndbox>
			<xmin>920</xmin>
			<ymin>344</ymin>
			<xmax>1212</xmax>
			<ymax>481</ymax>
		</bndbox>
	</object>
	<object>
		<name>maison</name>
		<pose>Unspecified</pose>
		<truncated>1</truncated>
		<difficult>0</difficult>
		<bndbox>
			<xmin>331</xmin>
			<ymin>685</ymin>
			<xmax>530</xmax>
			<ymax>866</ymax>
		</bndbox>
	</object>
	<object>
		<name>maison</name>
		<pose>Unspecified</pose>
		<truncated>0</truncated>
		<difficult>0</difficult>
		<bndbox>
			<xmin>613</xmin>
			<ymin>626</ymin>
			<xmax>836</xmax>
			<ymax>864</ymax>
		</bndbox>
	</object>
	<object>
		<name>maison</name>
		<pose>Unspecified</pose>
		<truncated>0</truncated>
		<difficult>0</difficult>
		<bndbox>
			<xmin>876</xmin>
			<ymin>567</ymin>
			<xmax>1128</xmax>
			<ymax>822</ymax>
		</bndbox>
	</object>
	<object>
		<name>maison</name>
		<pose>Unspecified</pose>
		<truncated>1</truncated>
		<difficult>0</difficult>
		<bndbox>
			<xmin>1096</xmin>
			<ymin>563</ymin>
			<xmax>1300</xmax>
			<ymax>766</ymax>
		</bndbox>
	</object>
	<object>
		<name>maison</name>
		<pose>Unspecified</pose>
		<truncated>0</truncated>
		<difficult>0</difficult>
		<bndbox>
			<xmin>200</xmin>
			<ymin>3</ymin>
			<xmax>555</xmax>
			<ymax>158</ymax>
		</bndbox>
	</object>
</annotation>
