<annotation>
	<folder>image	zone d'habitation par drone</folder>
	<filename>american-suburban-neighborhood-aerial-view-095160847_prevstill.webp</filename>
	<path>C:\Users\hayke\Desktop\image	zone d'habitation par drone\american-suburban-neighborhood-aerial-view-095160847_prevstill.webp</path>
	<source>
		<database>Unknown</database>
	</source>
	<size>
		<width>3840</width>
		<height>2160</height>
		<depth>3</depth>
	</size>
	<segmented>0</segmented>
	<object>
		<name>maison</name>
		<pose>Unspecified</pose>
		<truncated>0</truncated>
		<difficult>0</difficult>
		<bndbox>
			<xmin>396</xmin>
			<ymin>525</ymin>
			<xmax>1096</xmax>
			<ymax>1330</ymax>
		</bndbox>
	</object>
	<object>
		<name>maison</name>
		<pose>Unspecified</pose>
		<truncated>0</truncated>
		<difficult>0</difficult>
		<bndbox>
			<xmin>1126</xmin>
			<ymin>832</ymin>
			<xmax>1901</xmax>
			<ymax>1485</ymax>
		</bndbox>
	</object>
	<object>
		<name>maison</name>
		<pose>Unspecified</pose>
		<truncated>0</truncated>
		<difficult>0</difficult>
		<bndbox>
			<xmin>2026</xmin>
			<ymin>752</ymin>
			<xmax>2713</xmax>
			<ymax>1380</ymax>
		</bndbox>
	</object>
	<object>
		<name>maison</name>
		<pose>Unspecified</pose>
		<truncated>0</truncated>
		<difficult>0</difficult>
		<bndbox>
			<xmin>2873</xmin>
			<ymin>875</ymin>
			<xmax>3708</xmax>
			<ymax>1420</ymax>
		</bndbox>
	</object>
	<object>
		<name>maison</name>
		<pose>Unspecified</pose>
		<truncated>0</truncated>
		<difficult>0</difficult>
		<bndbox>
			<xmin>1921</xmin>
			<ymin>310</ymin>
			<xmax>2251</xmax>
			<ymax>592</ymax>
		</bndbox>
	</object>
	<object>
		<name>maison</name>
		<pose>Unspecified</pose>
		<truncated>0</truncated>
		<difficult>0</difficult>
		<bndbox>
			<xmin>3018</xmin>
			<ymin>105</ymin>
			<xmax>3363</xmax>
			<ymax>480</ymax>
		</bndbox>
	</object>
	<object>
		<name>maison</name>
		<pose>Unspecified</pose>
		<truncated>0</truncated>
		<difficult>0</difficult>
		<bndbox>
			<xmin>2811</xmin>
			<ymin>455</ymin>
			<xmax>3466</xmax>
			<ymax>810</ymax>
		</bndbox>
	</object>
	<object>
		<name>maison</name>
		<pose>Unspecified</pose>
		<truncated>0</truncated>
		<difficult>0</difficult>
		<bndbox>
			<xmin>818</xmin>
			<ymin>42</ymin>
			<xmax>1191</xmax>
			<ymax>415</ymax>
		</bndbox>
	</object>
	<object>
		<name>maison</name>
		<pose>Unspecified</pose>
		<truncated>0</truncated>
		<difficult>0</difficult>
		<bndbox>
			<xmin>1921</xmin>
			<ymin>32</ymin>
			<xmax>2333</xmax>
			<ymax>305</ymax>
		</bndbox>
	</object>
</annotation>
