<annotation>
	<folder>image	zone d'habitation par drone</folder>
	<filename>ENwOyu8WsAEYS7L.jpg</filename>
	<path>C:\Users\hayke\Desktop\image	zone d'habitation par drone\ENwOyu8WsAEYS7L.jpg</path>
	<source>
		<database>Unknown</database>
	</source>
	<size>
		<width>1200</width>
		<height>674</height>
		<depth>3</depth>
	</size>
	<segmented>0</segmented>
	<object>
		<name>maison</name>
		<pose>Unspecified</pose>
		<truncated>0</truncated>
		<difficult>0</difficult>
		<bndbox>
			<xmin>283</xmin>
			<ymin>304</ymin>
			<xmax>398</xmax>
			<ymax>389</ymax>
		</bndbox>
	</object>
	<object>
		<name>maison</name>
		<pose>Unspecified</pose>
		<truncated>0</truncated>
		<difficult>0</difficult>
		<bndbox>
			<xmin>312</xmin>
			<ymin>239</ymin>
			<xmax>391</xmax>
			<ymax>299</ymax>
		</bndbox>
	</object>
	<object>
		<name>maison</name>
		<pose>Unspecified</pose>
		<truncated>0</truncated>
		<difficult>0</difficult>
		<bndbox>
			<xmin>420</xmin>
			<ymin>304</ymin>
			<xmax>530</xmax>
			<ymax>411</ymax>
		</bndbox>
	</object>
	<object>
		<name>maison</name>
		<pose>Unspecified</pose>
		<truncated>0</truncated>
		<difficult>0</difficult>
		<bndbox>
			<xmin>569</xmin>
			<ymin>409</ymin>
			<xmax>719</xmax>
			<ymax>493</ymax>
		</bndbox>
	</object>
	<object>
		<name>maison</name>
		<pose>Unspecified</pose>
		<truncated>0</truncated>
		<difficult>0</difficult>
		<bndbox>
			<xmin>598</xmin>
			<ymin>475</ymin>
			<xmax>746</xmax>
			<ymax>608</ymax>
		</bndbox>
	</object>
	<object>
		<name>maison</name>
		<pose>Unspecified</pose>
		<truncated>0</truncated>
		<difficult>0</difficult>
		<bndbox>
			<xmin>596</xmin>
			<ymin>473</ymin>
			<xmax>744</xmax>
			<ymax>606</ymax>
		</bndbox>
	</object>
	<object>
		<name>maison</name>
		<pose>Unspecified</pose>
		<truncated>0</truncated>
		<difficult>0</difficult>
		<bndbox>
			<xmin>424</xmin>
			<ymin>205</ymin>
			<xmax>491</xmax>
			<ymax>301</ymax>
		</bndbox>
	</object>
	<object>
		<name>maison</name>
		<pose>Unspecified</pose>
		<truncated>0</truncated>
		<difficult>0</difficult>
		<bndbox>
			<xmin>59</xmin>
			<ymin>447</ymin>
			<xmax>251</xmax>
			<ymax>530</ymax>
		</bndbox>
	</object>
	<object>
		<name>maison</name>
		<pose>Unspecified</pose>
		<truncated>1</truncated>
		<difficult>0</difficult>
		<bndbox>
			<xmin>5</xmin>
			<ymin>533</ymin>
			<xmax>225</xmax>
			<ymax>674</ymax>
		</bndbox>
	</object>
	<object>
		<name>maison</name>
		<pose>Unspecified</pose>
		<truncated>0</truncated>
		<difficult>0</difficult>
		<bndbox>
			<xmin>100</xmin>
			<ymin>372</ymin>
			<xmax>237</xmax>
			<ymax>438</ymax>
		</bndbox>
	</object>
	<object>
		<name>maison</name>
		<pose>Unspecified</pose>
		<truncated>0</truncated>
		<difficult>0</difficult>
		<bndbox>
			<xmin>127</xmin>
			<ymin>315</ymin>
			<xmax>234</xmax>
			<ymax>372</ymax>
		</bndbox>
	</object>
</annotation>
