<annotation>
	<folder>image	zone d'habitation par drone</folder>
	<filename>vue-aerienne-immeuble-d-habitation-en-rangee-wiesenstrasse-street-bergkamen-ruhr-rhenanie-du-nord-westphalie-cr7r3n.jpg</filename>
	<path>C:\Users\hayke\Desktop\image	zone d'habitation par drone\vue-aerienne-immeuble-d-habitation-en-rangee-wiesenstrasse-street-bergkamen-ruhr-rhenanie-du-nord-westphalie-cr7r3n.jpg</path>
	<source>
		<database>Unknown</database>
	</source>
	<size>
		<width>953</width>
		<height>1390</height>
		<depth>3</depth>
	</size>
	<segmented>0</segmented>
	<object>
		<name>maison</name>
		<pose>Unspecified</pose>
		<truncated>0</truncated>
		<difficult>0</difficult>
		<bndbox>
			<xmin>94</xmin>
			<ymin>50</ymin>
			<xmax>286</xmax>
			<ymax>185</ymax>
		</bndbox>
	</object>
	<object>
		<name>maison</name>
		<pose>Unspecified</pose>
		<truncated>0</truncated>
		<difficult>0</difficult>
		<bndbox>
			<xmin>102</xmin>
			<ymin>188</ymin>
			<xmax>295</xmax>
			<ymax>318</ymax>
		</bndbox>
	</object>
	<object>
		<name>maison</name>
		<pose>Unspecified</pose>
		<truncated>0</truncated>
		<difficult>0</difficult>
		<bndbox>
			<xmin>107</xmin>
			<ymin>321</ymin>
			<xmax>307</xmax>
			<ymax>457</ymax>
		</bndbox>
	</object>
	<object>
		<name>maison</name>
		<pose>Unspecified</pose>
		<truncated>0</truncated>
		<difficult>0</difficult>
		<bndbox>
			<xmin>110</xmin>
			<ymin>459</ymin>
			<xmax>315</xmax>
			<ymax>591</ymax>
		</bndbox>
	</object>
	<object>
		<name>maison</name>
		<pose>Unspecified</pose>
		<truncated>0</truncated>
		<difficult>0</difficult>
		<bndbox>
			<xmin>150</xmin>
			<ymin>612</ymin>
			<xmax>327</xmax>
			<ymax>763</ymax>
		</bndbox>
	</object>
	<object>
		<name>maison</name>
		<pose>Unspecified</pose>
		<truncated>0</truncated>
		<difficult>0</difficult>
		<bndbox>
			<xmin>163</xmin>
			<ymin>776</ymin>
			<xmax>369</xmax>
			<ymax>938</ymax>
		</bndbox>
	</object>
	<object>
		<name>maison</name>
		<pose>Unspecified</pose>
		<truncated>0</truncated>
		<difficult>0</difficult>
		<bndbox>
			<xmin>143</xmin>
			<ymin>925</ymin>
			<xmax>366</xmax>
			<ymax>1118</ymax>
		</bndbox>
	</object>
	<object>
		<name>maison</name>
		<pose>Unspecified</pose>
		<truncated>0</truncated>
		<difficult>0</difficult>
		<bndbox>
			<xmin>343</xmin>
			<ymin>40</ymin>
			<xmax>565</xmax>
			<ymax>188</ymax>
		</bndbox>
	</object>
	<object>
		<name>maison</name>
		<pose>Unspecified</pose>
		<truncated>0</truncated>
		<difficult>0</difficult>
		<bndbox>
			<xmin>363</xmin>
			<ymin>182</ymin>
			<xmax>585</xmax>
			<ymax>330</ymax>
		</bndbox>
	</object>
	<object>
		<name>maison</name>
		<pose>Unspecified</pose>
		<truncated>0</truncated>
		<difficult>0</difficult>
		<bndbox>
			<xmin>365</xmin>
			<ymin>311</ymin>
			<xmax>594</xmax>
			<ymax>454</ymax>
		</bndbox>
	</object>
	<object>
		<name>maison</name>
		<pose>Unspecified</pose>
		<truncated>0</truncated>
		<difficult>0</difficult>
		<bndbox>
			<xmin>370</xmin>
			<ymin>463</ymin>
			<xmax>627</xmax>
			<ymax>598</ymax>
		</bndbox>
	</object>
	<object>
		<name>maison</name>
		<pose>Unspecified</pose>
		<truncated>0</truncated>
		<difficult>0</difficult>
		<bndbox>
			<xmin>418</xmin>
			<ymin>596</ymin>
			<xmax>604</xmax>
			<ymax>766</ymax>
		</bndbox>
	</object>
	<object>
		<name>maison</name>
		<pose>Unspecified</pose>
		<truncated>0</truncated>
		<difficult>0</difficult>
		<bndbox>
			<xmin>413</xmin>
			<ymin>753</ymin>
			<xmax>637</xmax>
			<ymax>925</ymax>
		</bndbox>
	</object>
	<object>
		<name>maison</name>
		<pose>Unspecified</pose>
		<truncated>0</truncated>
		<difficult>0</difficult>
		<bndbox>
			<xmin>608</xmin>
			<ymin>33</ymin>
			<xmax>834</xmax>
			<ymax>179</ymax>
		</bndbox>
	</object>
	<object>
		<name>maison</name>
		<pose>Unspecified</pose>
		<truncated>0</truncated>
		<difficult>0</difficult>
		<bndbox>
			<xmin>626</xmin>
			<ymin>182</ymin>
			<xmax>853</xmax>
			<ymax>308</ymax>
		</bndbox>
	</object>
	<object>
		<name>maison</name>
		<pose>Unspecified</pose>
		<truncated>0</truncated>
		<difficult>0</difficult>
		<bndbox>
			<xmin>644</xmin>
			<ymin>321</ymin>
			<xmax>863</xmax>
			<ymax>441</ymax>
		</bndbox>
	</object>
	<object>
		<name>maison</name>
		<pose>Unspecified</pose>
		<truncated>0</truncated>
		<difficult>0</difficult>
		<bndbox>
			<xmin>663</xmin>
			<ymin>460</ymin>
			<xmax>876</xmax>
			<ymax>598</ymax>
		</bndbox>
	</object>
	<object>
		<name>maison</name>
		<pose>Unspecified</pose>
		<truncated>0</truncated>
		<difficult>0</difficult>
		<bndbox>
			<xmin>695</xmin>
			<ymin>599</ymin>
			<xmax>891</xmax>
			<ymax>765</ymax>
		</bndbox>
	</object>
	<object>
		<name>maison</name>
		<pose>Unspecified</pose>
		<truncated>0</truncated>
		<difficult>0</difficult>
		<bndbox>
			<xmin>697</xmin>
			<ymin>765</ymin>
			<xmax>923</xmax>
			<ymax>938</ymax>
		</bndbox>
	</object>
</annotation>
